{
  "open": {
    "4": [
      -0.6140314826905665,
      -1.0478735447523344
    ],
    "8": [
      0.10821951895653653,
      -2.239239062907923
    ],
    "12": [
      0.6148958590512928,
      -2.2150229118943243
    ],
    "16": [
      0.9730810578734636,
      -1.8290300654085527
    ],
    "20": [
      1.3343821740042647,
      -1.017258451885011
    ]
  },
  "fist": {},
  "pinch": {
    "4": [
      -0.890249011595452,
      -1.23007292457928
    ],
    "8": [
      0.21530013729943415,
      -2.1423650681344384
    ],
    "12": [
      0.6719460127951231,
      -2.058010429264617
    ],
    "16": [
      0.9529326059297409,
      -1.6800785903809474
    ],
    "20": [
      1.2649476067935752,
      -0.7816477317027204
    ]
  }
}